airplane_id,aircraft_type,manufacturer,model,number_of_seats,company_id
157,Self-enabling optimal moderator,"Sharp, Sparks and Nguyen",appear,301,24
540,Cross-platform well-modulated concept,Hamilton-Palmer,second,164,6
46,Organic local framework,Nolan-Jones,stand,52,4
973,Networked national Graphical User Interface,Proctor-Ward,performance,400,30
713,Multi-channeled real-time functionalities,Mann Group,from,370,24
777,Assimilated homogeneous info-mediaries,Rodriguez PLC,force,233,3
556,Assimilated background time-frame,Green-Ryan,sound,69,13
978,Reactive needs-based framework,Barrera and Sons,worry,137,6
754,Focused upward-trending model,Warren Ltd,popular,390,3
690,Profound web-enabled data-warehouse,Johnson LLC,dream,227,27
638,Automated web-enabled alliance,"Hill, Kennedy and Tyler",television,135,20
458,Synergized systematic secured line,"Todd, Stone and Thomas",however,223,21
124,Operative fault-tolerant policy,Taylor Ltd,number,310,30
456,Down-sized disintermediate customer loyalty,"Knight, Meza and Bryant",poor,225,24
216,Vision-oriented coherent process improvement,"Bates, Preston and Harper",fall,132,3
103,Up-sized multi-tasking database,Sullivan-Glass,resource,382,7
563,Cross-platform static support,"Travis, Fitzpatrick and Adams",never,119,13
622,Organic next generation migration,"Mcclain, Richard and Reese",where,198,27
95,Fundamental dedicated algorithm,"Singh, Miller and Barker",first,55,13
793,Multi-channeled real-time workforce,Holmes and Sons,bill,326,4
998,Reduced eco-centric middleware,Davis-Richard,adult,165,4
853,Triple-buffered composite encoding,"Cummings, Willis and Reed",main,336,3
132,Inverse local projection,Buchanan Inc,most,132,13
357,Synergized needs-based collaboration,Carlson-Weber,green,191,30
358,Triple-buffered logistical Local Area Network,Brown-Owen,whom,266,5
31,Customizable mission-critical implementation,Ruiz LLC,garden,298,21
112,Secured user-facing paradigm,Harris-Webb,spring,110,3
966,Progressive object-oriented migration,Lopez-Lucero,decade,298,27
812,Progressive leadingedge Graphical User Interface,"Phillips, Riley and Jones",book,96,21
722,Business-focused executive strategy,"Lee, Jacobs and Odonnell",man,121,7
544,Focused actuating software,"Ortiz, Shaw and Richard",method,157,4
203,Optional methodical ability,Brown-Townsend,play,167,30
775,Synchronized even-keeled monitoring,"Hinton, Taylor and Donaldson",change,372,30
601,Re-contextualized intangible solution,Hall LLC,better,316,21
24,Proactive executive artificial intelligence,Daugherty Inc,eight,351,3
990,Synergized dedicated collaboration,"Williams, Marsh and Brown",order,214,30
905,Multi-lateral value-added groupware,"Anderson, Taylor and Simpson",speech,254,20
37,Configurable transitional application,Sweeney-Mendoza,finish,394,6
445,Re-contextualized leadingedge application,Collier-Pena,heavy,214,24
560,Programmable contextually-based software,Harris Group,hold,122,4
615,Profound fault-tolerant Internet solution,Dean Group,land,216,30
822,Stand-alone motivating migration,Pierce Group,public,381,7
189,Optional intangible definition,Jones-Anthony,never,174,5
414,Centralized reciprocal secured line,Green-Watson,short,306,27
488,Monitored real-time encryption,Brooks LLC,know,254,4
527,Programmable responsive budgetary management,Torres Ltd,outside,143,27
457,Self-enabling transitional software,Taylor-Mcpherson,local,286,21
565,Grass-roots discrete attitude,Mclaughlin-Jackson,rise,312,27
832,Automated contextually-based knowledgebase,Smith LLC,spring,195,6
507,Versatile radical groupware,Baker-Perkins,fear,169,3
752,Sharable system-worthy function,Hunter PLC,I,311,24
911,Organic optimal frame,Mills-Cross,friend,229,30
583,Multi-lateral local moratorium,"Brown, Mason and Crawford",clear,145,4
616,Integrated foreground algorithm,"Martinez, Hernandez and Wood",establish,245,27
472,Synchronized contextually-based leverage,"Keller, Nichols and Hill",guy,220,13
322,Automated discrete methodology,"Carson, Baker and Alexander",leg,276,27
966,User-friendly scalable infrastructure,Marsh PLC,himself,137,3
980,Expanded 24hour instruction set,Arnold-Gordon,such,78,20
756,Multi-layered 4thgeneration interface,Macdonald-Carter,speech,94,5
445,Persevering high-level moderator,"Barrett, Cabrera and Bradley",man,124,30
437,Sharable responsive Local Area Network,Dunn Inc,care,143,30
207,Triple-buffered 3rdgeneration knowledge user,Coleman-Luna,production,260,7
641,Optimized discrete matrix,Wilson-Reid,position,343,6
375,Optimized interactive groupware,Hansen-Peters,hold,276,27
246,Virtual systematic superstructure,Pugh Inc,someone,103,3
638,Open-source user-facing Local Area Network,"Madden, Lewis and Mays",around,87,7
912,Focused grid-enabled superstructure,"Johnson, Saunders and Kirby",guess,105,20
564,Innovative discrete Local Area Network,Wood Inc,them,194,13
893,Polarized client-server support,Brooks Ltd,type,390,3
222,Up-sized human-resource monitoring,"Jones, Williams and Simpson",personal,142,5
786,Realigned asymmetric policy,Williams-Rivas,treatment,212,7
435,Synchronized explicit process improvement,Hawkins-Miller,rate,121,13
892,Configurable value-added info-mediaries,Vega Ltd,raise,225,7
334,Profound fresh-thinking application,Randall Inc,school,289,27
785,Ergonomic multi-tasking synergy,"Jackson, Bryant and Herman",authority,315,7
366,Integrated human-resource infrastructure,Ellis Ltd,real,295,21
299,Switchable composite application,"Ellis, Kelly and Suarez",during,133,20
996,Balanced local leverage,Johnston Ltd,according,267,30
331,Synchronized motivating product,"Cooper, Neal and Peters",air,221,13
299,Enhanced multi-state focus group,Holmes and Sons,yard,310,5
328,Grass-roots zero-defect architecture,"Stein, Watson and Scott",professor,219,24
611,Configurable solution-oriented architecture,Brewer and Sons,beyond,112,4
172,Configurable user-facing Graphical User Interface,"Greene, Bray and Peterson",capital,234,6
641,Streamlined client-server workforce,"West, Carter and Patterson",none,220,13
981,User-friendly local function,Rosario and Sons,eat,238,20
517,Business-focused 3rdgeneration attitude,"Park, Myers and Jackson",exist,384,21
713,Progressive background conglomeration,Allen-Smith,central,364,30
993,Enhanced non-volatile Graphical User Interface,"Clark, Davis and Fox",note,300,4
708,Assimilated incremental website,Fitzgerald-Wright,smile,159,3
987,Enhanced system-worthy capability,"Blair, Farmer and Wilson",those,313,5
598,Realigned incremental Local Area Network,Bailey-Chandler,reason,126,30
88,Function-based zero tolerance project,Gonzalez and Sons,page,115,5
675,Cross-group cohesive secured line,"Simmons, Martin and Li",subject,67,24
302,Ameliorated disintermediate moderator,Clark Ltd,law,164,5
720,Face-to-face transitional Graphic Interface,York and Sons,security,347,4
455,Open-architected stable throughput,"Miller, Campbell and Estrada",camera,54,3
178,Customizable multi-tasking emulation,Santiago PLC,fish,151,6
663,Customizable mission-critical challenge,"Robertson, Palmer and Greer",food,127,4
163,Grass-roots 5thgeneration monitoring,"Whitaker, Jones and Cook",firm,181,27
31,Multi-lateral explicit collaboration,Sanchez Ltd,sure,142,30
