flight_reservation_id,first_name,last_name,identity_number
3,Joseph,Williams,38427534
81,Ashley,Jackson,64866189
26,Cory,Mays,61342809
68,Chloe,Torres,35755500
58,Andrea,Elliott,83792742
62,Rebecca,Harris,49816721
20,Peter,Rivera,77017225
4,Steven,Beltran,93986475
67,Darryl,Cohen,56015963
92,Jerry,Gibson,97608292
29,Traci,Jenkins,55788887
46,Heidi,Rodriguez,47572370
62,Tabitha,Campbell,83104447
89,Raymond,Ballard,79598007
24,Natalie,Rivera,70765879
11,Barbara,Johnson,39653206
46,Anthony,Pham,85278480
61,Natalie,Powell,31053823
52,Amy,Terrell,98418995
30,Carrie,Barber,55859675
72,Zoe,Gamble,88465500
12,Nicholas,Harvey,26512349
93,Angela,Turner,28295033
4,Jeremy,Tate,75690370
83,Larry,Mccall,42001030
55,Kevin,Bishop,84759277
33,Sherry,Carr,31560830
88,Justin,Park,92074602
58,Tyler,Garza,12783943
87,Steven,Gill,78039909
75,Chase,Knight,86068322
100,Cameron,Jackson,22950142
53,Susan,Mckay,23830289
47,Bradley,Brown,35875359
28,Erik,Mckinney,90351266
29,Brian,Reese,84444995
2,Adam,Smith,37954428
50,Corey,Wright,60207057
57,James,Howard,87264294
20,Joseph,Miller,69366683
15,Heather,Wilson,82226071
2,Christopher,Larson,27190528
65,Christopher,Moore,36162061
72,Tamara,Brown,10959707
60,Tara,Scott,84934364
27,Amy,Hudson,77213667
53,Luis,Garcia,34074596
34,Thomas,Singleton,20492146
39,Nicole,Roberts,85548822
42,John,Ali,64796267
78,Carolyn,Fields,47113962
17,Victoria,Mcclure,73698933
15,Jennifer,Baldwin,43979379
56,Bethany,Johnson,68234962
70,Chelsea,Mcintyre,96225475
1,Michael,Brown,17510334
93,Tracy,Beasley,50829603
25,Randy,Hall,51220561
99,Diamond,Jones,35856104
18,Brenda,Carlson,69408359
80,Brenda,Mckee,28992184
75,Jessica,Frazier,12636758
20,Todd,Smith,97376799
90,Jennifer,Martinez,42062346
82,Julie,Mclean,54402804
89,Daniel,Cabrera,37926462
12,Kathy,Ortiz,13998687
52,Mary,Marshall,31345139
36,Patricia,Ward,22142926
26,Gabriella,Jones,56755444
59,Erica,Levine,23288847
46,Troy,Soto,59960014
95,Michael,Peters,76561018
66,Kristen,Jackson,39744256
68,Juan,Cox,63941599
87,Jon,Walsh,97663218
82,Sharon,Neal,75763576
40,William,Martinez,15277237
83,Melissa,Pearson,69684587
72,Timothy,Alvarado,82419538
47,Anthony,Nguyen,78644819
75,Elizabeth,Scott,48466146
51,Kenneth,Cortez,30780311
83,Marvin,Ashley,75875262
74,Lawrence,Burke,14624818
91,Michael,Simmons,68876824
18,Jessica,Lee,87246753
12,Monique,Mora,11983461
25,Charles,Cooley,59311433
70,Julie,Patel,74488094
62,Alexander,Mccall,64248403
25,Jeffrey,Leon,40077879
32,William,Barron,91040146
38,Meghan,Garcia,41829330
93,Jonathan,Mora,57725153
30,Megan,Santos,75358608
88,Robert,White,93867276
23,Adrian,Lynch,87205447
30,Dylan,Taylor,87730218
73,Jennifer,Thomas,78881058
