user_id,first_name,last_name,gender,email,phone_number,credit_card,address_id
1,Renae,Wong,Female,rwong0@wikia.com,391-305-7828,3.54938E+15,1
2,Garwood,Langmuir,Male,glangmuir1@seesaa.net,106-414-5723,6.70995E+15,2
3,Nate,Gulberg,Male,ngulberg2@amazon.com,923-154-5798,3.37942E+14,3
4,Galen,Shillitto,Male,gshillitto3@cbslocal.com,289-413-9218,5.55811E+15,4
5,Amil,Ewing,Bigender,aewing4@opensource.org,698-524-8666,3.05501E+13,5
6,Sibilla,Ratter,Female,sratter5@plala.or.jp,102-679-3864,5.28775E+15,6
7,Raddy,Padmore,Male,rpadmore6@disqus.com,515-150-2407,4.90543E+17,7
8,See,Baxstair,Male,sbaxstair7@telegraph.co.uk,154-657-4974,3.53135E+15,8
9,Eugine,Camelin,Female,ecamelin8@mail.ru,102-993-1214,3.04238E+13,9
10,Angel,Fernier,Female,afernier9@dailymotion.com,169-133-4271,3.55235E+15,10
11,Miller,Trengrove,Male,mtrengrovea@ovh.net,483-860-4834,3.5466E+15,11
12,Filippa,Toderini,Female,ftoderinib@ucla.edu,914-832-6873,5.60221E+18,12
13,Doloritas,McGarrahan,Female,dmcgarrahanc@time.com,725-680-6918,5.57873E+15,13
14,Darelle,Dargue,Female,ddargued@google.fr,234-381-0388,5.60222E+15,14
15,Kyla,Gopsell,Female,kgopselle@comcast.net,722-924-5862,5.60224E+15,15
16,Nikolas,Itshak,Male,nitshakf@noaa.gov,739-516-1713,3.03189E+13,16
17,Fidelity,Hassekl,Female,fhasseklg@wikia.com,837-914-5388,6.7622E+15,17
18,Pernell,Calbrathe,Male,pcalbratheh@ask.com,544-347-9788,3.57549E+15,18
19,Aubrie,Klimas,Female,aklimasi@ow.ly,939-207-9900,5.02068E+16,19
20,Ringo,Maryet,Male,rmaryetj@deviantart.com,691-525-9850,5.10014E+15,20
21,Cathee,Lavies,Female,claviesk@furl.net,119-674-0459,4.02686E+15,21
22,Brianna,Fenich,Female,bfenichl@g.co,191-483-8257,3.57639E+15,22
23,Gussie,De Vaar,Non-binary,gdevaarm@fastcompany.com,303-449-4788,5.40755E+15,23
24,Verine,Silberschatz,Female,vsilberschatzn@samsung.com,257-820-0437,5.04838E+15,24
25,Vaughan,Blow,Male,vblowo@reference.com,537-416-2712,5.18686E+15,25
26,Locke,Scimonelli,Male,lscimonellip@baidu.com,744-345-7912,6.76152E+15,26
27,Kendal,Salsbury,Male,ksalsburyq@yale.edu,484-272-0495,3.56083E+15,27
28,Skyler,Templman,Male,stemplmanr@guardian.co.uk,632-489-3235,5.10014E+15,28
29,Cully,Burgum,Male,cburgums@hud.gov,755-317-1381,2.0152E+14,29
30,Rube,Cess,Male,rcesst@eventbrite.com,696-852-2423,3.54426E+15,30
31,Lane,Keuneke,Agender,lkeunekeu@biblegateway.com,729-904-9087,5.00767E+15,31
32,Chevy,D'Hooge,Male,cdhoogev@java.com,652-169-0600,2.01862E+14,32
33,Lexy,Hastewell,Female,lhastewellw@sogou.com,186-136-9123,3.53255E+15,33
34,Federica,Hallums,Female,fhallumsx@wikispaces.com,500-936-1201,2.01793E+14,34
35,Linnie,Caldaro,Female,lcaldaroy@boston.com,532-443-9455,5.60223E+17,35
36,Cariotta,Lakenton,Female,clakentonz@hatena.ne.jp,489-317-1013,3.58392E+15,36
37,Tobey,Tharme,Female,ttharme10@intel.com,571-883-3969,4.50818E+15,37
38,Ava,Berg,Agender,aberg11@vistaprint.com,332-771-4392,3.74623E+14,38
39,Saxe,Allman,Male,sallman12@indiegogo.com,792-343-4421,3.72302E+14,39
40,Ula,Legen,Female,ulegen13@privacy.gov.au,971-903-7786,3.54861E+15,40
41,Elmo,Menlove,Male,emenlove14@quantcast.com,881-839-3585,4.845E+15,41
42,Alberik,Tschirasche,Male,atschirasche15@smh.com.au,205-995-6948,3.5721E+15,42
43,Cathrine,Telezhkin,Female,ctelezhkin16@psu.edu,218-406-8615,3.58656E+15,43
44,Eloisa,Staves,Female,estaves17@acquirethisname.com,483-992-9485,3.5693E+15,44
45,Gabriello,Bennedick,Genderfluid,gbennedick18@ft.com,788-218-9814,3.55625E+15,45
46,Lauren,Lerner,Male,llerner19@alexa.com,546-528-5289,5.60222E+16,46
47,Vally,O'Dempsey,Female,vodempsey1a@wikia.com,250-438-3803,3.53683E+15,47
48,Vittoria,Jalland,Female,vjalland1b@hibu.com,789-317-1188,2.01802E+14,48
49,April,Stoll,Female,astoll1c@cam.ac.uk,496-302-2562,6.38955E+15,49
50,Maryjane,Beebe,Female,mbeebe1d@behance.net,907-272-4379,3.58619E+15,50
51,Dorine,Brasher,Female,dbrasher1e@quantcast.com,366-686-4214,5.56348E+15,51
52,Clemente,Nani,Male,cnani1f@yandex.ru,769-469-5393,5.61079E+15,52
53,Karina,Erdis,Female,kerdis1g@jalbum.net,374-812-0222,3.01705E+13,53
54,Natal,McCallion,Male,nmccallion1h@umn.edu,709-430-3173,3.5642E+15,54
55,Fenelia,Hammor,Female,fhammor1i@ihg.com,779-197-0086,5.54604E+15,55
56,Garv,Zottoli,Male,gzottoli1j@taobao.com,789-535-6392,3.57313E+15,56
57,Ganny,Mitrikhin,Male,gmitrikhin1k@newsvine.com,845-928-7081,3.44739E+14,57
58,Kurtis,Graddell,Male,kgraddell1l@squidoo.com,583-128-0934,4.9139E+15,58
59,Merell,Blindt,Male,mblindt1m@illinois.edu,434-568-5018,5.04838E+15,59
60,Maurizio,Cruikshanks,Agender,mcruikshanks1n@ftc.gov,176-133-3846,2.01889E+14,60
61,Flory,Chart,Female,fchart1o@nymag.com,179-273-4167,3.56881E+15,61
62,Joachim,Roycraft,Male,jroycraft1p@amazon.co.uk,910-847-1350,3.74283E+14,62
63,Hiram,McWard,Male,hmcward1q@qq.com,528-138-2622,4.04159E+15,63
64,Ralph,Hearthfield,Male,rhearthfield1r@nytimes.com,520-793-4422,3.55307E+15,64
65,Trev,Sparrowe,Genderfluid,tsparrowe1s@php.net,597-738-4151,3.55524E+15,65
66,Bary,Lesser,Male,blesser1t@amazon.de,436-257-3602,3.54435E+15,66
67,Dorey,Valsler,Female,dvalsler1u@vimeo.com,418-872-3814,3.03215E+13,67
68,Etan,Bemment,Male,ebemment1v@imageshack.us,671-166-3124,3.57188E+15,68
69,Agretha,Crosswaite,Female,acrosswaite1w@cnn.com,620-215-7804,5.12504E+15,69
70,Laurella,Habgood,Female,lhabgood1x@blogspot.com,172-237-4506,3.56023E+15,70
71,Lotte,Lamb-shine,Female,llambshine1y@columbia.edu,307-551-7935,3.5428E+15,71
72,Alastair,Hunnisett,Male,ahunnisett1z@jugem.jp,251-294-5046,3.56729E+15,72
73,Wendall,Rate,Male,wrate20@ezinearticles.com,895-943-4530,4.01795E+15,73
74,Ryley,Tritton,Male,rtritton21@wordpress.org,952-952-8673,3.54772E+15,74
75,Mela,Meachen,Genderqueer,mmeachen22@themeforest.net,463-831-0376,5.60223E+17,75
76,Den,Stegers,Male,dstegers23@google.pl,125-881-9107,3.56235E+15,76
77,Dewitt,Groocock,Male,dgroocock24@illinois.edu,232-458-2128,4.04138E+15,77
78,Lon,Harken,Male,lharken25@archive.org,189-636-4039,3.55263E+15,78
79,Barri,Batalle,Male,bbatalle26@intel.com,615-789-1159,6.77199E+18,79
80,Corie,Yegorovnin,Female,cyegorovnin27@live.com,209-272-8873,3.03816E+13,80
81,Mose,Gaines,Male,mgaines28@barnesandnoble.com,176-931-3452,4.50817E+15,81
82,Booth,Toffoletto,Male,btoffoletto29@samsung.com,697-551-4009,5.60221E+15,82
83,Ibbie,Ebbings,Female,iebbings2a@dot.gov,461-693-7145,3.54366E+15,83
84,Letty,Ridger,Female,lridger2b@google.com.br,842-805-2422,3.58918E+15,84
85,Sawyer,Deek,Male,sdeek2c@economist.com,620-802-1012,5.19962E+15,85
86,Joletta,Doole,Female,jdoole2d@addthis.com,352-776-4695,6.75944E+15,86
87,Edouard,Moulsdall,Male,emoulsdall2e@google.nl,626-696-4191,3.53801E+15,87
88,Aguie,Vreede,Male,avreede2f@clickbank.net,882-721-8376,6.3311E+18,88
89,Wenona,Salterne,Female,wsalterne2g@nps.gov,577-300-5588,4.01796E+12,89
90,Fionna,Fitzroy,Non-binary,ffitzroy2h@hubpages.com,519-917-3726,4.91779E+15,90
91,Hank,Normaville,Male,hnormaville2i@jiathis.com,853-621-5609,6.30459E+17,91
92,Riane,Jacquest,Female,rjacquest2j@w3.org,295-425-0111,3.5542E+15,92
93,Coletta,Sturdey,Female,csturdey2k@bigcartel.com,272-203-6287,3.5838E+15,93
94,Aubry,Tapping,Female,atapping2l@e-recht24.de,350-363-8454,3.7824E+14,94
95,Evered,Inns,Male,einns2m@feedburner.com,437-361-2667,5.60222E+15,95
96,Susanne,Lavalle,Female,slavalle2n@chronoengine.com,690-590-6725,3.55199E+15,96
97,Martie,Cathrae,Male,mcathrae2o@mapy.cz,148-991-1615,5.02006E+16,97
98,Danella,Wearn,Female,dwearn2p@npr.org,753-698-0513,5.60223E+15,98
99,Araldo,Stiller,Male,astiller2q@qq.com,911-805-0102,3.00865E+13,99
100,Letizia,Gonnet,Female,lgonnet2r@fotki.com,943-928-6179,5.10875E+15,100