vin_number,manufacturer,model,plate_number,company_id
WAUZL54B11N418415,Ford,Taurus 1988,WCA K26,20
WAULV44E97N447478,Jeep,Cherokee 2001,HP6 H4B,21
2B3CK3CVXAH392323,Buick,Regal 1992,XJJ-361,27
19UUA9F7XDA972830,Mazda,Mazda6 2013,GI7 Y9T,4
WAU4FAFR1DA451706,Mitsubishi,Montero 1995,36E•737,27
1GYFC43579R645070,Hyundai,Tiburon 2008,KVO 494,4
WDDGF4HB5CF290656,Spyker,C8 Spyder 2004,QNJ-9835,3
1GYUKFEJ3AR736969,Ford,ZX2 2002,677N5,6
1FTSW3B58AE183442,Jaguar,XK 2011,772YOW,5
3GYFNJE32DS787305,Dodge,Grand Caravan 2004,NIM-570,27
1D7CW3BK3AS345725,Dodge,Avenger 1997,ZHC 436,4
5UXFB33543L507627,Dodge,Ram Wagon B350 1994,HYS5355,24
YV1672MS0B2307215,Volkswagen,New Beetle 2007,894C,4
1YVHZ8BH4A5038534,Ford,E150 2004,388 7EW,24
WA1AY74L89D389965,Buick,LeSabre 2003,92B•038,30
SCFAD22353K396514,Chrysler,Grand Voyager 2000,262-QGM,6
3FAHP0JA4AR900865,Audi,riolet 1994,6Z 6832B,6
WAUFMAFC4FN284196,Bentley,Azure 2008,BY6 0118,5
WAUNF98P86A402892,Mercedes-Benz,CLK-Class 2002,9IO1807,24
3C4PDCDG0ET370726,Volkswagen,Golf 1990,NHJ 059,6
1C4AJWAG9FL753565,Lexus,IS 2006,MYB 283,20
1FTSW3A57AE977799,Kia,Rio 2006,QT0 3345,27
JN8AZ2NCXB9480706,Jeep,Wrangler 1994,LHV 359,3
5N1AT2ML0EC151076,Chevrolet,Tahoe 2012,925 HBD,24
WA1YD64B15N013222,Dodge,Ram Van 1500 1995,MJ0 C8C,6
WAUBFBFL9AN892710,Cadillac,Escalade ESV 2009,HCU 846,7
2HNYD28277H585247,GMC,Sierra 3500 2005,6-Q3803,30
WBAPT73558C175809,Ford,Fusion 2010,75-F959,5
SCFFDCCD2CG002604,Mazda,929 1995,646XBY,21
2G61N5S38F9729410,Chevrolet,Beretta 1994,21-8050G,7
1ZVBP8JS3A5403877,Audi,A3 2007,W22 2ZV,6
19XFB2F5XEE168195,Mitsubishi,Galant 2009,237ZHU,6
2C3CCABG1DH103647,Suzuki,Kizashi 2011,FJZ4210,4
1FTEW1CM9DK753333,Audi,S4 2010,LVM 091,20
WBAKC8C52AC812810,Porsche,944 1987,3N WO706,4
JN8AS5MT5BW619360,Plymouth,Acclaim 1993,6WV 425,24
WAUEFAFL2BN689800,Lincoln,Continental 1991,0NA 971,4
19XFB2F56DE120644,Buick,LeSabre 1997,214 3NR,27
WA1LGAFEXCD171878,Mitsubishi,Pajero 2006,HKP-496,3
SALAG2D43CA564581,Jaguar,XK Series 2005,456S,30
WAURFAFRXAA735529,Toyota,Celica 1999,230 PUP,4
1G4HP54K55U250577,Chrysler,300M 2004,2UL T51,24
WAUCFAFH2CN535656,Chevrolet,Suburban 1500 2006,588INA,27
WBSBR93466P425412,Mercury,Lynx 1985,MNF 437,13
WAUBF98E57A929663,GMC,Jimmy 1992,UWB 828,24
2G61S5S34D9506464,Toyota,Tacoma 2004,BCB1272,27
WA1C8BFP4DA947641,Nissan,Pathfinder 2006,923-WYL,21
1C4RDJEG0DC403200,Volvo,C30 2012,27-Z978,20
1C6RD6HT9CS494467,Mitsubishi,Pajero 2001,OMJ-956,7
WDDHF2EB5DA064127,Lincoln,Continental 1993,8237 HB,20
2HNYD18661H022615,Chevrolet,Colorado 2004,JZL-507,4
WA1WMBFEXBD545335,Subaru,Forester 2008,527-TOK,7
JHMZE2H31DS479251,Chevrolet,Silverado 1500 2012,579859,24
1GKKRNED6BJ556273,Jaguar,S-Type 2007,JS3 3327,4
3D7TP2CT1BG085106,Ford,Econoline E150 1997,9UF 087,6
JH4DC54892C321251,Chevrolet,Corvette 1954,386166,30
1GYS3DEF9DR556095,Lincoln,Continental 1998,32-30924,5
WBS3C9C55FP236510,Infiniti,G 2000,C 221816,4
5TDBKRFH4FS155564,Mercedes-Benz,S-Class 2006,MRQ 319,4
JHMZF1C64ES091148,Chevrolet,Silverado 2500 2000,320 8IN,6
1ZVBP8AM2E5465939,Ford,Ranger 1996,E52-VOY,30
JTHDL5EF2F5751713,Chevrolet,Beretta 1992,F39 4XA,5
WAUJGAFD8FN349948,Toyota,Supra 1995,M83 4OA,24
JH4DC53843C715002,Bentley,Azure 2008,100 7802,13
19UYA42503A517265,Ford,Escort 2000,ZPV 092,6
1C3CDZBG0DN938903,Buick,Regal 1994,0EH 332,21
JN8AF5MR8FT772055,Lexus,LS 1992,97T 943,7
1G6AH5S33E0110875,Lexus,ES 1991,091L9,6
5N1AA0NC7FN344646,Mitsubishi,Truck 1992,FJP-922,21
JN8AF5MR5FT612330,Infiniti,Q 1998,EUC1930,7
1C3CCBBB0CN966245,Subaru,Legacy 2004,9PT2958,30
1FTEW1CF1FF270125,Dodge,Stratus 2004,599990,20
5TDBCRFH0FS678660,Saturn,S-Series 2000,9CQ73,4
WBADW3C58CE798146,Chrysler,Fifth Ave 1993,235732,13
1G4HP57M59U853211,Hyundai,Veloster 2013,940RA,20
WAUYGBFC2DN965296,Subaru,Leone 1989,ZVK 238,24
1D7RE5GK0AS612658,Kia,Rio 2001,7P 63651,5
WAUGL78E65A279855,Ford,F-Series Super Duty 2012,KWX 717,24
WBAEV33435K080409,Volkswagen,Tiguan 2012,VUA-418,4
2G4GS5EV9D9622436,Cadillac,Escalade ESV 2012,WTI 063,21
1G6AB5R31E0725710,Pontiac,Sunbird 1986,913WQ,20
SAJWA0FB2CL547629,Mitsubishi,Precis 1993,0-25849,4
W04GY5GV0B1471031,Chevrolet,Camaro 2010,LZM 868,27
3C3CFFFH3FT424798,Saab,900 1989,732-GOJ,4
WBAGN83413D681373,Plymouth,Breeze 2000,2811,24
JTEBU4BF8CK322945,Land Rover,Range Rover 1987,FNF 3900,13
1HGCP2E78AA212961,Aston Martin,Vanquish S 2005,ZSR 655,13
1N6AA0CC4FN455272,Mazda,MX-3 1995,069-OXF,3
WAUEFAFL9BN538937,Mercedes-Benz,E-Class 2003,RAY-990,3
2G4GP5EC4B9654675,Plymouth,Breeze 1998,675 REM,4
4T1BF3EK5AU611456,Buick,Electra 1986,312 ZBV,30
1G6DK8EG2A0468526,Isuzu,VehiCROSS 2000,SAH 794,3
1G4HR54K11U038389,Volkswagen,Rabbit 2008,233 TMG,13
4T1BF3EK4AU720233,Dodge,Ram Van 2500 1997,88K FZ8,30
WBSBR93482E689379,Chevrolet,Malibu 1999,HRU 559,6
KNALN4D74F5538321,Ford,Explorer Sport Trac 2004,2ZN H86,30
WA1WKAFP1AA604306,Volvo,XC70 2007,562-ONN,5
WAUXU64B23N774367,Mercury,Topaz 1990,NR 4579,5
KL4CJGSBXEB402096,Volkswagen,Golf 1986,7EX 936,7
WAUEG94F16N331716,Infiniti,J 1996,KZN 005,20
